Product1,Product2,Similarity
кетчуп heinz томатными   ae  x000c ,кетчуп heinz томатныи дои пак  россия  320г,69
яицо куриное 71о1чт  ill е   1  x000c ,яицо куриное азоvo с1  россия  10шт,55
вода питьевая святои   источник нгаз 116 152  y ав     x000c ,вода питьевая святои источник природная негаз  пэт  россия  1 5l,61
чипсы lays краб  140150г  x000c ,чипсы картофельные lay s краб  россия  140г,56
 adrenaline rush напиток энергетическим газ 0449  x000c ,напиток безалкогольныи adrenaline rush энергия энергетическии газ ж б  россия  0 449l,60
шок батончик snickers super 8095гг  x000c ,шоколадные батончики snickers super  россия  80 г,68
вода питьевая cbaton источник нгаз пб 1 57  x000c ,вода питьевая святои источник природная негаз  пэт  россия  1 5l,60
шок батончик snickers super 8095r  ao an  x000c ,шоколадные батончики snickers super  россия  80 г,64
старыи мельник из  7очондивосвет мяг паст3045л ct бут  аа в 6 aa  x000c ,пиво старыи мельник мягкое из бочонка светлое пастер  алк 4 3  ст   россия  0 45l,55
виски william lawsons купажированныи згода 40 07л  x000c ,виски william lawson s купажированныи алк 40   россия  0 7l,79
б мжсметана    ве простоквашино 15 пст 300г bae mm oly   x000c ,сметана простоквашино 15  без змж  россия  300г,56
старыи мельник из 7очонка пиво свет mar паст3065л ст бут  x000c ,пиво старыи мельник мягкое из бочонка светлое пастер  алк 4 3  ст   россия  0 45l,59
чипсы lays сметана и зелень 225г   ь  x000c ,чипсы lay s сметана и лук  россия  225г,65
  a са   с чипсы lays сметана и 1 зелень 2257   x000c ,чипсы lay s сметана и лук  россия  225г,56
 с тончик snickers slpe 8cr  ид у yw okt   x000c ,шоколадные батончики snickers super  россия  80 г,55
чипсы lays краб  140150г  x000c ,чипсы картофельные lay s краб  россия  140г,56
пиво балтика 3 классическ  св алк 4 8 жб 0 4571 е  x000c ,пиво светлое балтика классическое n3 паст  алк 4 8  ж б  россия  0 45l,66
 пиво старыи мельник из  боч мягк свет 43 сб 0451  x000c ,пиво старыи мельник мягкое из бочонка светлое пастер  алк 4 3  ст   россия  0 45l,59
вода питьевая святои источник газ пб 15л  x000c ,вода питьевая святои источник природная негаз  пэт  россия  1 5l,68
г чиппссы lay 5 сметанл и зелень 225  x000c ,чипсы lay s сметана и лук  россия  225г,60
  ветои источник питьевая вода негаз э   x000c ,вода питьевая святои источник природная негаз  пэт  россия  1 5l,58
53m сметана простоквашино 300г  159  x000c ,сметана простоквашино 15  без змж  россия  300г,58
пиво светлое балтика 3 4 о we классическое о 460068220045 6 645  101599518 pty 4 3  2 р да  x000c ,пиво светлое балтика классическое n3 паст  алк 4 8  ж б  россия  0 45l,57
напиток добрыи кола in   x000c ,напиток безалкогольныи добрыи кола с газ пэт  россия  1l,55
пиво старыи мельник из  боч мягк свет 43сб 0451  x000c ,пиво старыи мельник мягкое из бочонка светлое пастер  алк 4 3  ст   россия  0 45l,59
buickm william lawsons  нупажированныи згода 40 07л   x000c ,виски william lawson s купажированныи алк 40   россия  0 7l,69
 печенье просл глазированное  motte чокопаи 336г  в з bae с г  x000c ,печенье прослоенное глазированное lotte choco pie чокопаи 12шт  россия  336г,62
виски william lawsons купажированныи згода 40 07л ч 1409 ea  x000c ,виски william lawson s купажированныи алк 40   россия  0 7l,73
виски william lawsons купажированныи згода 40 07л 1299 99  x000c ,виски william lawson s купажированныи алк 40   россия  0 7l,74
nubu бали ика 3 классическ  св алк 4 8 ж5 0 451  x000c ,пиво светлое балтика классическое n3 паст  алк 4 8  ж б  россия  0 45l,58
ботончик snickers super 80   x000c ,шоколадные батончики snickers super  россия  80 г,62
 ботоныик snickers 505r ю  x000c ,шоколадные батончики snickers super  россия  80 г,56
вода питьевая святои  источник нгаз пб 15л рнч nr ban fy  x000c ,вода питьевая святои источник природная негаз  пэт  россия  1 5l,61
пиво старыи мельник из боч мягк свет 43сб 0451 аннна    г  x000c ,пиво старыи мельник мягкое из бочонка светлое пастер  алк 4 3  ст   россия  0 45l,59
вода питьевая святои   источник нгаз пб 1 57  в 4в  6  x000c ,вода питьевая святои источник природная негаз  пэт  россия  1 5l,64
виски william цжбомб  купажированныи згода 40 0 71  x000c ,виски william lawson s купажированныи алк 40   россия  0 7l,67
 бзмж сметана   простоквашино аи  300г  15 oo мх    x000c ,сметана простоквашино 15  без змж  россия  300г,55
виски фокс sha aoic 0 25 купажированныи 40  x000c ,виски william lawson s купажированныи алк 40   россия  0 7l,55
ж кефирпростоквашино  25 пб эзог  mm ы   x000c ,сметана простоквашино 15  без змж  россия  300г,55
 печенье просл глазированное  лотте чокопаи 336г  179  mm  ap ba ы  x000c ,печенье прослоенное глазированное lotte choco pie чокопаи 12шт  россия  336г,56
напиток добрыи кола in   x000c ,напиток безалкогольныи добрыи кола с газ пэт  россия  1l,55
вода питьевая святои  источник газ пб 151 5 у 1 лв fare  x000c ,вода питьевая святои источник природная негаз  пэт  россия  1 5l,61
53mk сметана   простоквашино 300г  x000c ,сметана простоквашино 15  без змж  россия  300г,59
fe oe adrenaline rusu hain к   энергетическии газ 04491  x000c ,напиток безалкогольныи adrenaline rush энергия энергетическии газ ж б  россия  0 449l,55
 вода питьеваян святои  oe  источник нгаз 0331 спортик  fr ло  x000c ,вода питьевая святои источник природная негаз  пэт  россия  1 5l,56
 ee ии ооа  adrenaline rush напиток энергетическии газ  004497  x000c ,напиток безалкогольныи adrenaline rush энергия энергетическии газ ж б  россия  0 449l,59
пиво балтика 3 классическ   е св алк 4 8 жб 0 45   x000c ,пиво светлое балтика классическое n3 паст  алк 4 8  ж б  россия  0 45l,66
 шок батончик snickers   super 8095г  ee  з г  x000c ,шоколадные батончики snickers super  россия  80 г,63
г шок батончик snickers и super 8095 м  x000c ,шоколадные батончики snickers super  россия  80 г,65
 чипсы lays сметана и зелень 225г  x000c ,чипсы lay s сметана и лук  россия  225г,68
 adrenaline rush напиток энергетическии газ  0449л  x000c ,напиток безалкогольныи adrenaline rush энергия энергетическии газ ж б  россия  0 449l,62
зиски william lawsons г оэпажированныи згода 40 07 г 1 oo men  x000c ,виски william lawson s купажированныи алк 40   россия  0 7l,67
старыи мельник из 7очонкд пиво свет мяг mact430451 ст byt  x000c ,пиво старыи мельник мягкое из бочонка светлое пастер  алк 4 3  ст   россия  0 45l,55
пиво сарьи мельник 0 45л из бочонка мяг свет  4  3  ст 0  x000c ,пиво старыи мельник мягкое из бочонка светлое пастер  алк 4 3  ст   россия  0 45l,63
 пиво свет балтика marko  7 алк 47 сб 0447 wad  x000c ,пиво светлое балтика классическое n3 паст  алк 4 8  ж б  россия  0 45l,55
nnn loe   es     buckh william lawsons  купажированньи згода 40 0771  x000c ,виски william lawson s купажированныи алк 40   россия  0 7l,59
вода питьевая святои источник газ пб 05л a ae чр  x000c ,вода питьевая святои источник природная негаз  пэт  россия  1 5l,63
печенье просл глазированное  лотте чокопаи 336г 179  x000c ,печенье прослоенное глазированное lotte choco pie чокопаи 12шт  россия  336г,62
в шок батончик snickers   super 8095г  ана ав с   x000c ,шоколадные батончики snickers super  россия  80 г,59
виски william lawsons купажированныи згода 40 0751  x000c ,виски william lawson s купажированныи алк 40   россия  0 7l,79
сметана простоквашино 15 стакан 300г  данон бзмж  x000c ,сметана простоквашино 15  без змж  россия  300г,60
виски william lawsons купажированныи згода 40 07л  x000c ,виски william lawson s купажированныи алк 40   россия  0 7l,79
adrenaline rush напиток энергетическим газ 0449   x000c ,напиток безалкогольныи adrenaline rush энергия энергетическии газ ж б  россия  0 449l,58
напиток добрьыи кола tt   x000c ,напиток безалкогольныи добрыи кола с газ пэт  россия  1l,55
пиво балтика 3 классическ  св алк 4 8 жб 0 45л  x000c ,пиво светлое балтика классическое n3 паст  алк 4 8  ж б  россия  0 45l,68
 беатончик snickers supe 3с    x000c ,шоколадные батончики snickers super  россия  80 г,67
пиво старыи мельник 0 45n v3 бочонка мяг свет 4 3 ст 6  x000c ,пиво старыи мельник мягкое из бочонка светлое пастер  алк 4 3  ст   россия  0 45l,64
 чипсы lays краб  140 150г  x000c ,чипсы картофельные lay s краб  россия  140г,55
печенье просл глазированное  лотте эокопаи 336г  x000c ,печенье прослоенное глазированное lotte choco pie чокопаи 12шт  россия  336г,63
чипсы lays сметана и  зелень 2259  x000c ,чипсы lay s сметана и лук  россия  225г,65
вода питьевая святои источник газ пб 157  x000c ,вода питьевая святои источник природная негаз  пэт  россия  1 5l,68
б чипсы сау 8 сметана и зелень 226г   x000c ,чипсы lay s сметана и лук  россия  225г,55
бзмж сметана простоквашино 15 пст 300г   x000c ,сметана простоквашино 15  без змж  россия  300г,66
шок батончик snickers super 8095   x000c ,шоколадные батончики snickers super  россия  80 г,69
ь чипсы lays 225r  сметана и зелень  x000c ,чипсы lay s сметана и лук  россия  225г,61
ээмж сметанд простоквашино 20 nct зоог  j    x000c ,сметана простоквашино 15  без змж  россия  300г,61
виски william lawsons купажированныи згода 40 07л ы 1 оо оо  x000c ,виски william lawson s купажированныи алк 40   россия  0 7l,73
3mxk сметана ппростоквашино 300г  1596   x000c ,сметана простоквашино 15  без змж  россия  300г,55
пиво балтика 3 классическ  св алк 4 8 жб 0 45л  x000c ,пиво светлое балтика классическое n3 паст  алк 4 8  ж б  россия  0 45l,68
вода питьевая святои   источник нгаз пб 15л   лв лв а   x000c ,вода питьевая святои источник природная негаз  пэт  россия  1 5l,62
папиток старыи мельник 0 457   из бочонка пшен жи8 49 стб а у   x000c ,пиво старыи мельник мягкое из бочонка светлое пастер  алк 4 3  ст   россия  0 45l,58
старыи мельник из 7очонкд пиво cbet мяг паст4305л ст byt  x000c ,пиво старыи мельник мягкое из бочонка светлое пастер  алк 4 3  ст   россия  0 45l,57
